{"success":true,"data":[{"id":"fedgerg34ertgefg34t3","type":"file","slug":"Actual slug of file","name":"in","filename":"Actual file name for display","Lastedit":"now"},{"id":"fedgerg34ertgefg34t4","type":"group","groupname":"Actual group name for display","Lastedit":"3h","childs":[{"id":"fedgerg34ertgefg34t3","type":"file","slug":"Actual slug of file","name":"in","filename":"Actual file name for display","Lastedit":"now"},{"id":"fedgerg34ertgefg34t3","type":"file","slug":"Actual slug of file","name":"in","filename":"Actual file name for display","Lastedit":"22h"}]}]}
